{
    "args": {
        "address": {},
        "assert_contracts": null,
        "build_only": false,
        "bytecode_jsons": null,
        "bytecode_spec": null,
        "cache": "BordaBug4.sol:Borda-optimisticFalse-iterNone",
        "check_args": false,
        "cloud": null,
        "coinbaseMode": false,
        "contract_to_file": {
            "Borda": "BordaBug4.sol"
        },
        "contracts": [
            "Borda"
        ],
        "debug": null,
        "debug_topics": false,
        "delay_fetch_output_seconds": null,
        "disableLocalTypeChecking": false,
        "disable_auto_cache_key_gen": false,
        "dynamic_bound": null,
        "dynamic_dispatch": false,
        "env": "production",
        "expected_file": "expected.json",
        "file_paths": [
            "BordaBug4.sol"
        ],
        "file_to_contract": {
            "BordaBug4.sol": [
                "Borda"
            ]
        },
        "files": [
            "BordaBug4.sol:Borda"
        ],
        "get_conf": null,
        "internal_funcs": null,
        "jar": null,
        "java_args": null,
        "link": null,
        "local": false,
        "log_branch": null,
        "log_query_frequency_seconds": null,
        "loop_iter": null,
        "max_attempts_to_fetch_output": null,
        "max_graph_depth": null,
        "max_poll_minutes": null,
        "method": null,
        "mode": "Mode.VERIFY",
        "msg": "borda4",
        "multi_assert_check": false,
        "no_compare": false,
        "optimistic_loop": false,
        "optimize": null,
        "optimize_map": null,
        "packages": null,
        "packages_path": "/home/training/02.Lesson_InvestigateViolations/Borda/node_modules",
        "path": "/home/training/02.Lesson_InvestigateViolations/Borda",
        "process": "emv",
        "prototype": null,
        "queue_wait_minutes": null,
        "rule": null,
        "rule_sanity": null,
        "send_only": false,
        "settings": null,
        "short_output": false,
        "smt_timeout": null,
        "solc": "/home/ethsec/.local/bin/solc",
        "solc_args": null,
        "solc_map": null,
        "spec_files": [
            "Borda.spec"
        ],
        "staging": null,
        "struct_link": null,
        "tool_output": null,
        "typecheck_only": false,
        "user_defined_cache": false,
        "verified_contract_files": [
            "BordaBug4.sol"
        ],
        "verify": [
            "Borda:Borda.spec"
        ]
    },
    "branch": "",
    "conf": {
        "cache": "BordaBug4.sol:Borda-optimisticFalse-iterNone",
        "files": [
            "BordaBug4.sol:Borda"
        ],
        "msg": "borda4",
        "process": "emv",
        "verify": [
            "Borda:Borda.spec"
        ]
    },
    "cwd_relative": ".",
    "dirty": true,
    "origin": "",
    "raw_args": [
        "/home/ethsec/.local/bin/certoraRun",
        "BordaBug4.sol:Borda",
        "--verify",
        "Borda:Borda.spec",
        "--msg",
        "borda4"
    ],
    "revision": "",
    "timestamp": "1658723036.506891"
}